{"Avg Loss": 10.977126006422372, "Val loss": 10.916386972065844, "_timestamp": 1716369733.59156, "_runtime": 242.13512587547302, "_step": 999, "_wandb": {"runtime": 241}}