{"Avg Loss": 21.021577269594435, "Val loss": 20.79496648265957, "_timestamp": 1716366067.1978672, "_runtime": 32.61601424217224, "_step": 0, "_wandb": {"runtime": 38}}