{"Avg Loss": 55.34072449224458, "Val loss": 55.30149484538346, "_timestamp": 1715957428.3841891, "_runtime": 2.357445240020752, "_step": 0, "_wandb": {"runtime": 1}}