{"Avg Loss": 12.860767900943756, "Val loss": 12.149674360169048, "_timestamp": 1716305429.6311169, "_runtime": 138.56855177879333, "_step": 27, "_wandb": {"runtime": 138}}