{"Avg Loss": 11.958542496049908, "Val loss": 11.808209526378784, "_timestamp": 1716306633.9497545, "_runtime": 1054.8092105388641, "_step": 183, "_wandb": {"runtime": 1055}}