{"Avg Loss": 12.336691772853824, "Val loss": 11.550875741008513, "_timestamp": 1716304953.851777, "_runtime": 2317.0689191818237, "_step": 529, "_wandb": {"runtime": 2318}}