{"Avg Loss": 57.05464181968634, "Val loss": 56.92030655565879, "_timestamp": 1715958885.645284, "_runtime": 2.826051950454712, "_step": 0, "_wandb": {"runtime": 2}}