{"Avg Loss": 12.026435305702854, "Val loss": 11.91067961163125, "_timestamp": 1716313398.6893537, "_runtime": 5685.787438631058, "_step": 999, "_wandb": {"runtime": 5684}}