{"Avg Loss": 57.63189701382205, "Val loss": 57.57606319729373, "_timestamp": 1715957382.484615, "_runtime": 2.516658067703247, "_step": 0, "_wandb": {"runtime": 2}}