{"Avg Loss": 13.352250855603664, "Val loss": 12.912311169740965, "_timestamp": 1715960664.2188418, "_runtime": 1764.1835267543793, "_step": 999, "_wandb": {"runtime": 1763}}