{"Avg Loss": 55.94161485081954, "Val loss": 55.856440509823585, "_timestamp": 1715957369.4975457, "_runtime": 2.4803526401519775, "_step": 0, "_wandb": {"runtime": 2}}